﻿<?xml version="1.0" encoding="utf-8"?><Favorites><Favorite><File>C:\Users\Martin\Documents\sql\sleep10seconds.sql</File><Log2File>False</Log2File><LogAppend>False</LogAppend><LogFile /><DBUser>ADMIN</DBUser><OptSilent>True</OptSilent><OptFormat>0</OptFormat><Timeout>0:0:5</Timeout><IgnoreError>False</IgnoreError><DBList>ADMINDB </DBList><Text>Cancel sleep10cecond.sql after 5 seconds - use Timeout!</Text></Favorite><Favorite><File>C:\Users\Martin\Documents\sql\dbusers.sql</File><Log2File>True</Log2File><LogAppend>False</LogAppend><LogFile>C:\Users\Martin\Documents\sql\dbusers.html</LogFile><DBUser>ADMIN</DBUser><OptSilent>True</OptSilent><OptFormat>1</OptFormat><Timeout>0:0:0</Timeout><IgnoreError>False</IgnoreError><DBList>ADMINDB </DBList><Text>DB Users HTML Report</Text></Favorite><Favorite><File>C:\Users\Martin\Documents\sql\nested_main.sql</File><Log2File>True</Log2File><LogAppend>True</LogAppend><LogFile>C:\Users\Martin\Documents\sql\nested_main.log</LogFile><DBUser>SYS</DBUser><OptSilent>True</OptSilent><OptFormat>0</OptFormat><Timeout>00:00:00</Timeout><IgnoreError>False</IgnoreError><DBList>CUSTPL CUSTPL90 </DBList><Text>nested in PL, silent, SYS</Text></Favorite><Favorite><File>C:\Users\Martin\Documents\sql\DataGuardQueries.sql</File><Log2File>True</Log2File><LogAppend>True</LogAppend><LogFile>C:\Users\Martin\Documents\sql\DataGuardQueries.log</LogFile><DBUser>SYS</DBUser><OptSilent>True</OptSilent><OptFormat>0</OptFormat><Timeout>0:0:5</Timeout><IgnoreError>False</IgnoreError><DBList>ADMINDB </DBList><Text>Oracle DataGuard Queries in ADMINDB</Text></Favorite><Favorite><File>C:\Users\Martin\Documents\sql\dbname.sql                    </File><Log2File>True</Log2File><LogAppend>True</LogAppend><LogFile>C:\Users\Martin\Documents\sql\dbname.log                    </LogFile><DBUser>ADMIN</DBUser><OptSilent>False</OptSilent><OptFormat>0</OptFormat><Timeout>0:0:0</Timeout><IgnoreError>False</IgnoreError><DBList>CUSTCH CUSTCH90 CUSTD CUSTD90 CUSTE90 CUSTF CUSTF90 CUSTI CUSTI90 CUSTPL CUSTPL90 T3CUSTD T3CUSTD90 </DBList><Text>Simple Query to Test Db-Accessibility</Text></Favorite></Favorites>