﻿<?xml version="1.0" encoding="utf-8"?><Profiles><Profile><File>C:\Users\Martin\Documents\sql\login.sql</File><Log2File>True</Log2File><LogAppend>False</LogAppend><LogFile>C:\Users\Martin\Documents\sql\login.log</LogFile><DBUser>ADMIN</DBUser><OptSilent>True</OptSilent><OptFormat>0</OptFormat><DBList>CUSTI90.SAZ.NET </DBList><Text>CUSTI90 logins, no Append, Silent</Text></Profile><Profile><File>C:\Users\Martin\Documents\sql\dbname.sql</File><Log2File>True</Log2File><LogAppend>True</LogAppend><LogFile>C:\Users\Martin\Documents\sql\dbname.log</LogFile><DBUser>OREUSR</DBUser><OptSilent>False</OptSilent><OptFormat>0</OptFormat><DBList>NABCH.SAZ.NET NABE.SAZ.NET </DBList><Text>Report dbname.sql as OREUSR</Text></Profile><Profile><File>C:\Users\Martin\Documents\sql\dbusers.sql</File><Log2File>True</Log2File><LogAppend>True</LogAppend><LogFile>C:\Users\Martin\Documents\sql\dbusers.html</LogFile><DBUser>SYS</DBUser><OptSilent>True</OptSilent><OptFormat>1</OptFormat><DBList>ADMINDB CUSTD.SAZ.NET CUSTD90.SAZ.NET </DBList><Text>Report DB-Users - run as SYS, Format: HTML</Text></Profile><Profile><File>C:\Users\Martin\Documents\sql\login.sql</File><Log2File>True</Log2File><LogAppend>True</LogAppend><LogFile>C:\Users\Martin\Documents\sql\login.log</LogFile><DBUser>ADMIN</DBUser><OptSilent>False</OptSilent><OptFormat>0</OptFormat><DBList>ADMINDB T3ADMINDB.SAZ.NET T4ADMINDB.SAZ.NET T5ADMINDB.SAZ.NET </DBList><Text>Test login.sql in ADMIN*-DBs</Text></Profile></Profiles>