<?xml version="1.0"?>
<doc>
    <assembly>
        <name>Simplify.Mail</name>
    </assembly>
    <members>
        <member name="T:Simplify.Mail.IMailSender">
            <summary>
            Represent E-mail sending interface.
            </summary>
        </member>
        <member name="P:Simplify.Mail.IMailSender.Settings">
            <summary>
            MailSender settings.
            </summary>
        </member>
        <member name="P:Simplify.Mail.IMailSender.SmtpClient">
            <summary>
            Get current SMTP client.
            </summary>
            <returns></returns>
        </member>
        <member name="M:Simplify.Mail.IMailSender.Send(System.Net.Mail.SmtpClient,System.Net.Mail.MailMessage,System.String)">
            <summary>
            Send single e-mail.
            </summary>
            <param name="client">Smtp client.</param>
            <param name="mailMessage">The mail message.</param>
            <param name="bodyForAntiSpam">Part of an e-mail body just for anti-spam checking.</param>
        </member>
        <member name="M:Simplify.Mail.IMailSender.SendAsync(System.Net.Mail.SmtpClient,System.Net.Mail.MailMessage,System.String)">
            <summary>
            Send single e-mail asynchronously.
            </summary>
            <param name="client">Smtp client.</param>
            <param name="mailMessage">The mail message.</param>
            <param name="bodyForAntiSpam">Part of an e-mail body just for anti-spam checking.</param>
        </member>
        <member name="M:Simplify.Mail.IMailSender.Send(System.Net.Mail.MailMessage,System.String)">
            <summary>
            Send single e-mail.
            </summary>
            <param name="mailMessage">The mail message.</param>
            <param name="bodyForAntiSpam">Part of an e-mail body just for anti-spam checking.</param>
        </member>
        <member name="M:Simplify.Mail.IMailSender.SendAsync(System.Net.Mail.MailMessage,System.String)">
            <summary>
            Send single e-mail asynchronously.
            </summary>
            <param name="mailMessage">The mail message.</param>
            <param name="bodyForAntiSpam">Part of an e-mail body just for anti-spam checking.</param>
        </member>
        <member name="M:Simplify.Mail.IMailSender.Send(System.Net.Mail.SmtpClient,System.String,System.String,System.String,System.String,System.String,System.Net.Mail.Attachment[])">
            <summary>
            Send single e-mail.
            </summary>
            <param name="client">Smtp client.</param>
            <param name="from">From mail address.</param>
            <param name="to">Recipient e-mail address.</param>
            <param name="subject">e-mail subject.</param>
            <param name="body">e-mail body.</param>
            <param name="bodyForAntiSpam">Part of an e-mail body just for anti-spam checking.</param>
            <param name="attachments">The attachments to an e-mail.</param>
            <returns>
            Process status, <see langword="true" /> if message is processed to sent successfully
            </returns>
        </member>
        <member name="M:Simplify.Mail.IMailSender.SendAsync(System.Net.Mail.SmtpClient,System.String,System.String,System.String,System.String,System.String,System.Net.Mail.Attachment[])">
            <summary>
            Send single e-mail asynchronously.
            </summary>
            <param name="client">Smtp client.</param>
            <param name="from">From mail address.</param>
            <param name="to">Recipient e-mail address.</param>
            <param name="subject">e-mail subject.</param>
            <param name="body">e-mail body.</param>
            <param name="bodyForAntiSpam">Part of an e-mail body just for anti-spam checking.</param>
            <param name="attachments">The attachments to an e-mail.</param>
            <returns>
            Process status, <see langword="true" /> if message is processed to sent successfully
            </returns>
        </member>
        <member name="M:Simplify.Mail.IMailSender.Send(System.String,System.String,System.String,System.String,System.String,System.Net.Mail.Attachment[])">
            <summary>
            Send single e-mail.
            </summary>
            <param name="from">From mail address.</param>
            <param name="to">Recipient e-mail address.</param>
            <param name="subject">e-mail subject.</param>
            <param name="body">e-mail body.</param>
            <param name="bodyForAntiSpam">Part of an e-mail body just for anti-spam checking.</param>
            <param name="attachments">The attachments to an e-mail.</param>
            <returns>Process status, <see langword="true"/> if message is processed to sent successfully</returns>
        </member>
        <member name="M:Simplify.Mail.IMailSender.SendAsync(System.String,System.String,System.String,System.String,System.String,System.Net.Mail.Attachment[])">
            <summary>
            Send single e-mail asynchronously.
            </summary>
            <param name="from">From mail address.</param>
            <param name="to">Recipient e-mail address.</param>
            <param name="subject">e-mail subject.</param>
            <param name="body">e-mail body.</param>
            <param name="bodyForAntiSpam">Part of an e-mail body just for anti-spam checking.</param>
            <param name="attachments">The attachments to an e-mail.</param>
            <returns>Process status, <see langword="true"/> if message is processed to sent successfully</returns>
        </member>
        <member name="M:Simplify.Mail.IMailSender.Send(System.Net.Mail.SmtpClient,System.String,System.Collections.Generic.IList{System.String},System.String,System.String,System.String,System.Net.Mail.Attachment[])">
            <summary>
            Send e-mail to multiple recipients in one e-mail.
            </summary>
            <param name="client">Smtp client.</param>
            <param name="fromMailAddress">From mail address.</param>
            <param name="addresses">Recipients.</param>
            <param name="subject">e-mail subject.</param>
            <param name="body">e-mail body.</param>
            <param name="bodyForAntiSpam">Part of an e-mail body just for anti-spam checking.</param>
            <param name="attachments">The attachments to an e-mail.</param>
            <returns>Process status, <see langword="true"/> if all messages are processed to sent successfully</returns>
        </member>
        <member name="M:Simplify.Mail.IMailSender.SendAsync(System.Net.Mail.SmtpClient,System.String,System.Collections.Generic.IList{System.String},System.String,System.String,System.String,System.Net.Mail.Attachment[])">
            <summary>
            Send e-mail to multiple recipients in one e-mail asynchronously.
            </summary>
            <param name="client">Smtp client.</param>
            <param name="fromMailAddress">From mail address.</param>
            <param name="addresses">Recipients.</param>
            <param name="subject">e-mail subject.</param>
            <param name="body">e-mail body.</param>
            <param name="bodyForAntiSpam">Part of an e-mail body just for anti-spam checking.</param>
            <param name="attachments">The attachments to an e-mail.</param>
            <returns>Process status, <see langword="true"/> if all messages are processed to sent successfully</returns>
        </member>
        <member name="M:Simplify.Mail.IMailSender.Send(System.String,System.Collections.Generic.IList{System.String},System.String,System.String,System.String,System.Net.Mail.Attachment[])">
            <summary>
            Send e-mail to multiple recipients in one e-mail.
            </summary>
            <param name="fromMailAddress">From mail address.</param>
            <param name="addresses">Recipients.</param>
            <param name="subject">e-mail subject.</param>
            <param name="body">e-mail body.</param>
            <param name="bodyForAntiSpam">Part of an e-mail body just for anti-spam checking.</param>
            <param name="attachments">The attachments to an e-mail.</param>
            <returns>Process status, <see langword="true"/> if all messages are processed to sent successfully</returns>
        </member>
        <member name="M:Simplify.Mail.IMailSender.SendAsync(System.String,System.Collections.Generic.IList{System.String},System.String,System.String,System.String,System.Net.Mail.Attachment[])">
            <summary>
            Send e-mail to multiple recipients in one e-mail asynchronously.
            </summary>
            <param name="fromMailAddress">From mail address.</param>
            <param name="addresses">Recipients.</param>
            <param name="subject">e-mail subject.</param>
            <param name="body">e-mail body.</param>
            <param name="bodyForAntiSpam">Part of an e-mail body just for anti-spam checking.</param>
            <param name="attachments">The attachments to an e-mail.</param>
            <returns>Process status, <see langword="true"/> if all messages are processed to sent successfully</returns>
        </member>
        <member name="M:Simplify.Mail.IMailSender.Send(System.Net.Mail.SmtpClient,System.String,System.Collections.Generic.IList{System.String},System.Collections.Generic.IList{System.String},System.String,System.String,System.String,System.Net.Mail.Attachment[])">
            <summary>
            Send e-mail to multiple recipients and carbon copy recipients in one e-mail.
            </summary>
            <param name="client">Smtp client.</param>
            <param name="fromMailAddress">From mail address.</param>
            <param name="addresses">Recipients.</param>
            <param name="ccAddresses">Carbon copy recipients.</param>
            <param name="subject">e-mail subject.</param>
            <param name="body">e-mail body.</param>
            <param name="bodyForAntiSpam">Part of an e-mail body just for anti-spam checking.</param>
            <param name="attachments">The attachments to an e-mail.</param>
            <returns>Process status, <see langword="true"/> if all messages are processed to sent successfully</returns>
        </member>
        <member name="M:Simplify.Mail.IMailSender.SendAsync(System.Net.Mail.SmtpClient,System.String,System.Collections.Generic.IList{System.String},System.Collections.Generic.IList{System.String},System.String,System.String,System.String,System.Net.Mail.Attachment[])">
            <summary>
            Send e-mail to multiple recipients and carbon copy recipients in one e-mail asynchronously.
            </summary>
            <param name="client">Smtp client.</param>
            <param name="fromMailAddress">From mail address.</param>
            <param name="addresses">Recipients.</param>
            <param name="ccAddresses">Carbon copy recipients.</param>
            <param name="subject">e-mail subject.</param>
            <param name="body">e-mail body.</param>
            <param name="bodyForAntiSpam">Part of an e-mail body just for anti-spam checking.</param>
            <param name="attachments">The attachments to an e-mail.</param>
            <returns>Process status, <see langword="true"/> if all messages are processed to sent successfully</returns>
        </member>
        <member name="M:Simplify.Mail.IMailSender.Send(System.String,System.Collections.Generic.IList{System.String},System.Collections.Generic.IList{System.String},System.String,System.String,System.String,System.Net.Mail.Attachment[])">
            <summary>
            Send e-mail to multiple recipients and carbon copy recipients in one e-mail.
            </summary>
            <param name="fromMailAddress">From mail address.</param>
            <param name="addresses">Recipients.</param>
            <param name="ccAddresses">Carbon copy recipients.</param>
            <param name="subject">e-mail subject.</param>
            <param name="body">e-mail body.</param>
            <param name="bodyForAntiSpam">Part of an e-mail body just for anti-spam checking.</param>
            <param name="attachments">The attachments to an e-mail.</param>
            <returns>Process status, <see langword="true"/> if all messages are processed to sent successfully</returns>
        </member>
        <member name="M:Simplify.Mail.IMailSender.SendAsync(System.String,System.Collections.Generic.IList{System.String},System.Collections.Generic.IList{System.String},System.String,System.String,System.String,System.Net.Mail.Attachment[])">
            <summary>
            Send e-mail to multiple recipients and carbon copy recipients in one e-mail asynchronously.
            </summary>
            <param name="fromMailAddress">From mail address.</param>
            <param name="addresses">Recipients.</param>
            <param name="ccAddresses">Carbon copy recipients.</param>
            <param name="subject">e-mail subject.</param>
            <param name="body">e-mail body.</param>
            <param name="bodyForAntiSpam">Part of an e-mail body just for anti-spam checking.</param>
            <param name="attachments">The attachments to an e-mail.</param>
            <returns>Process status, <see langword="true"/> if all messages are processed to sent successfully</returns>
        </member>
        <member name="M:Simplify.Mail.IMailSender.SendSeparately(System.Net.Mail.SmtpClient,System.String,System.Collections.Generic.IList{System.String},System.String,System.String,System.String,System.Net.Mail.Attachment[])">
            <summary>
            Send e-mail to multiple recipients separately
            </summary>
            <param name="client">Smtp client.</param>
            <param name="fromMailAddress">From mail address.</param>
            <param name="addresses">Recipients.</param>
            <param name="subject">e-mail subject.</param>
            <param name="body">e-mail body.</param>
            <param name="bodyForAntiSpam">Part of an e-mail body just for anti-spam checking.</param>
            <param name="attachments">The attachments to an e-mail.</param>
            <returns>Process status, <see langword="true"/> if all messages are processed to sent successfully</returns>
        </member>
        <member name="M:Simplify.Mail.IMailSender.SendSeparatelyAsync(System.Net.Mail.SmtpClient,System.String,System.Collections.Generic.IList{System.String},System.String,System.String,System.String,System.Net.Mail.Attachment[])">
            <summary>
            Send e-mail to multiple recipients separately
            </summary>
            <param name="client">Smtp client.</param>
            <param name="fromMailAddress">From mail address.</param>
            <param name="addresses">Recipients.</param>
            <param name="subject">e-mail subject.</param>
            <param name="body">e-mail body.</param>
            <param name="bodyForAntiSpam">Part of an e-mail body just for anti-spam checking.</param>
            <param name="attachments">The attachments to an e-mail.</param>
            <returns>Process status, <see langword="true"/> if all messages are processed to sent successfully</returns>
        </member>
        <member name="M:Simplify.Mail.IMailSender.SendSeparately(System.String,System.Collections.Generic.IList{System.String},System.String,System.String,System.String,System.Net.Mail.Attachment[])">
            <summary>
            Send e-mail to multiple recipients separately
            </summary>
            <param name="fromMailAddress">From mail address.</param>
            <param name="addresses">Recipients.</param>
            <param name="subject">e-mail subject.</param>
            <param name="body">e-mail body.</param>
            <param name="bodyForAntiSpam">Part of an e-mail body just for anti-spam checking.</param>
            <param name="attachments">The attachments to an e-mail.</param>
            <returns>Process status, <see langword="true"/> if all messages are processed to sent successfully</returns>
        </member>
        <member name="M:Simplify.Mail.IMailSender.SendSeparatelyAsync(System.String,System.Collections.Generic.IList{System.String},System.String,System.String,System.String,System.Net.Mail.Attachment[])">
            <summary>
            Send e-mail to multiple recipients separately
            </summary>
            <param name="fromMailAddress">From mail address.</param>
            <param name="addresses">Recipients.</param>
            <param name="subject">e-mail subject.</param>
            <param name="body">e-mail body.</param>
            <param name="bodyForAntiSpam">Part of an e-mail body just for anti-spam checking.</param>
            <param name="attachments">The attachments to an e-mail.</param>
            <returns>Process status, <see langword="true"/> if all messages are processed to sent successfully</returns>
        </member>
        <member name="T:Simplify.Mail.MailSender">
            <summary>
            E-mail sending class.
            </summary>
        </member>
        <member name="M:Simplify.Mail.MailSender.#ctor(System.String)">
            <summary>
            Initializes a new instance of the <see cref="T:Simplify.Mail.MailSender"/> class.
            </summary>
            <param name="configurationSectionName">Name of the configuration section in the *.config configuration file.</param>
        </member>
        <member name="M:Simplify.Mail.MailSender.#ctor(Microsoft.Extensions.Configuration.IConfiguration,System.String)">
            <summary>
            Initializes a new instance of the <see cref="T:Simplify.Mail.MailSender" /> class.
            </summary>
            <param name="configuration">The configuration.</param>
            <param name="configurationSectionName">Name of the configuration section in a configuration (for example in the appsettings.json configuration file).</param>
            <exception cref="T:System.ArgumentNullException">configurationSectionName</exception>
        </member>
        <member name="M:Simplify.Mail.MailSender.#ctor(System.String,System.Int32,System.String,System.String,System.Boolean,System.Boolean,System.Int32)">
            <summary>
            Initializes a new instance of the <see cref="T:Simplify.Mail.MailSender"/> class.
            </summary>
            <param name="smtpServerAddress">The SMTP server address.</param>
            <param name="smtpServerPortNumber">The SMTP server port number.</param>
            <param name="smtpUserName">Name of the SMTP user.</param>
            <param name="smtpUserPassword">The SMTP user password.</param>
            <param name="enableSsl">if set to <c>true</c> [enable SSL].</param>
            <param name="antiSpamMessagesPoolOn">if set to <c>true</c> [anti spam messages pool on].</param>
            <param name="antiSpamPoolMessageLifeTime">The anti spam pool message life time.</param>
            <exception cref="T:System.ArgumentNullException">smtpServerAddress</exception>
        </member>
        <member name="M:Simplify.Mail.MailSender.#ctor(Simplify.Mail.Settings.IMailSenderSettings)">
            <summary>
            Initializes a new instance of the <see cref="T:Simplify.Mail.MailSender"/> class.
            </summary>
            <param name="settings">The settings.</param>
            <exception cref="T:System.ArgumentNullException">settings</exception>
        </member>
        <member name="P:Simplify.Mail.MailSender.Default">
            <summary>
            Default MailSender instance.
            </summary>
            <value>
            The default.
            </value>
            <exception cref="T:System.ArgumentNullException">value</exception>
        </member>
        <member name="P:Simplify.Mail.MailSender.Settings">
            <summary>
            MailSender settings.
            </summary>
        </member>
        <member name="P:Simplify.Mail.MailSender.SmtpClient">
            <summary>
            Get current SMTP client.
            </summary>
        </member>
        <member name="M:Simplify.Mail.MailSender.Send(System.Net.Mail.SmtpClient,System.Net.Mail.MailMessage,System.String)">
            <summary>
            Send single e-mail.
            </summary>
            <param name="client">Smtp client.</param>
            <param name="mailMessage">The mail message.</param>
            <param name="bodyForAntiSpam">Part of an e-mail body just for anti-spam checking.</param>
        </member>
        <member name="M:Simplify.Mail.MailSender.SendAsync(System.Net.Mail.SmtpClient,System.Net.Mail.MailMessage,System.String)">
            <summary>
            Send single e-mail asynchronously.
            </summary>
            <param name="client">Smtp client.</param>
            <param name="mailMessage">The mail message.</param>
            <param name="bodyForAntiSpam">Part of an e-mail body just for anti-spam checking.</param>
            <returns></returns>
        </member>
        <member name="M:Simplify.Mail.MailSender.Send(System.Net.Mail.MailMessage,System.String)">
            <summary>
            Send single e-mail.
            </summary>
            <param name="mailMessage">The mail message.</param>
            <param name="bodyForAntiSpam">Part of an e-mail body just for anti-spam checking.</param>
        </member>
        <member name="M:Simplify.Mail.MailSender.SendAsync(System.Net.Mail.MailMessage,System.String)">
            <summary>
            Send single e-mail asynchronously.
            </summary>
            <param name="mailMessage">The mail message.</param>
            <param name="bodyForAntiSpam">Part of an e-mail body just for anti-spam checking.</param>
            <returns></returns>
        </member>
        <member name="M:Simplify.Mail.MailSender.Send(System.Net.Mail.SmtpClient,System.String,System.String,System.String,System.String,System.String,System.Net.Mail.Attachment[])">
            <summary>
            Send single e-mail.
            </summary>
            <param name="client">Smtp client.</param>
            <param name="from">From mail address.</param>
            <param name="to">Recipient e-mail address.</param>
            <param name="subject">e-mail subject.</param>
            <param name="body">e-mail body.</param>
            <param name="bodyForAntiSpam">Part of an e-mail body just for anti-spam checking.</param>
            <param name="attachments">The attachments to an e-mail.</param>
        </member>
        <member name="M:Simplify.Mail.MailSender.SendAsync(System.Net.Mail.SmtpClient,System.String,System.String,System.String,System.String,System.String,System.Net.Mail.Attachment[])">
            <summary>
            Sends the asynchronous.
            </summary>
            <param name="client">The client.</param>
            <param name="from">From.</param>
            <param name="to">To.</param>
            <param name="subject">The subject.</param>
            <param name="body">The body.</param>
            <param name="bodyForAntiSpam">The body for anti spam.</param>
            <param name="attachments">The attachments.</param>
            <returns></returns>
        </member>
        <member name="M:Simplify.Mail.MailSender.Send(System.String,System.String,System.String,System.String,System.String,System.Net.Mail.Attachment[])">
            <summary>
            Send single e-mail.
            </summary>
            <param name="from">From mail address.</param>
            <param name="to">Recipient e-mail address.</param>
            <param name="subject">e-mail subject.</param>
            <param name="body">e-mail body.</param>
            <param name="bodyForAntiSpam">Part of an e-mail body just for anti-spam checking.</param>
            <param name="attachments">The attachments to an e-mail.</param>
        </member>
        <member name="M:Simplify.Mail.MailSender.SendAsync(System.String,System.String,System.String,System.String,System.String,System.Net.Mail.Attachment[])">
            <summary>
            Sends the asynchronous.
            </summary>
            <param name="from">From.</param>
            <param name="to">To.</param>
            <param name="subject">The subject.</param>
            <param name="body">The body.</param>
            <param name="bodyForAntiSpam">The body for anti spam.</param>
            <param name="attachments">The attachments.</param>
            <returns></returns>
        </member>
        <member name="M:Simplify.Mail.MailSender.Send(System.Net.Mail.SmtpClient,System.String,System.Collections.Generic.IList{System.String},System.String,System.String,System.String,System.Net.Mail.Attachment[])">
            <summary>
            Send e-mail to multiple recipients in one e-mail.
            </summary>
            <param name="client">Smtp client.</param>
            <param name="fromMailAddress">From mail address.</param>
            <param name="addresses">Recipients.</param>
            <param name="subject">e-mail subject.</param>
            <param name="body">e-mail body.</param>
            <param name="bodyForAntiSpam">Part of an e-mail body just for anti-spam checking.</param>
            <param name="attachments">The attachments to an e-mail.</param>
        </member>
        <member name="M:Simplify.Mail.MailSender.SendAsync(System.Net.Mail.SmtpClient,System.String,System.Collections.Generic.IList{System.String},System.String,System.String,System.String,System.Net.Mail.Attachment[])">
            <summary>
            Send e-mail to multiple recipients in one e-mail asynchronously.
            </summary>
            <param name="client">Smtp client.</param>
            <param name="fromMailAddress">From mail address.</param>
            <param name="addresses">Recipients.</param>
            <param name="subject">e-mail subject.</param>
            <param name="body">e-mail body.</param>
            <param name="bodyForAntiSpam">Part of an e-mail body just for anti-spam checking.</param>
            <param name="attachments">The attachments to an e-mail.</param>
            <returns>
            Process status, <see langword="true" /> if all messages are processed to sent successfully
            </returns>
        </member>
        <member name="M:Simplify.Mail.MailSender.Send(System.String,System.Collections.Generic.IList{System.String},System.String,System.String,System.String,System.Net.Mail.Attachment[])">
            <summary>
            Send e-mail to multiple recipients in one e-mail.
            </summary>
            <param name="fromMailAddress">From mail address.</param>
            <param name="addresses">Recipients.</param>
            <param name="subject">e-mail subject.</param>
            <param name="body">e-mail body.</param>
            <param name="bodyForAntiSpam">Part of an e-mail body just for anti-spam checking.</param>
            <param name="attachments">The attachments to an e-mail.</param>
        </member>
        <member name="M:Simplify.Mail.MailSender.SendAsync(System.String,System.Collections.Generic.IList{System.String},System.String,System.String,System.String,System.Net.Mail.Attachment[])">
            <summary>
            Send e-mail to multiple recipients in one e-mail asynchronously.
            </summary>
            <param name="fromMailAddress">From mail address.</param>
            <param name="addresses">Recipients.</param>
            <param name="subject">e-mail subject.</param>
            <param name="body">e-mail body.</param>
            <param name="bodyForAntiSpam">Part of an e-mail body just for anti-spam checking.</param>
            <param name="attachments">The attachments to an e-mail.</param>
            <returns>
            Process status, <see langword="true" /> if all messages are processed to sent successfully
            </returns>
        </member>
        <member name="M:Simplify.Mail.MailSender.Send(System.Net.Mail.SmtpClient,System.String,System.Collections.Generic.IList{System.String},System.Collections.Generic.IList{System.String},System.String,System.String,System.String,System.Net.Mail.Attachment[])">
            <summary>
            Send e-mail to multiple recipients and carbon copy recipients in one e-mail.
            </summary>
            <param name="client">Smtp client.</param>
            <param name="fromMailAddress">From mail address.</param>
            <param name="addresses">Recipients.</param>
            <param name="ccAddresses">Carbon copy recipients.</param>
            <param name="subject">e-mail subject.</param>
            <param name="body">e-mail body.</param>
            <param name="bodyForAntiSpam">Part of an e-mail body just for anti-spam checking.</param>
            <param name="attachments">The attachments to an e-mail.</param>
        </member>
        <member name="M:Simplify.Mail.MailSender.SendAsync(System.Net.Mail.SmtpClient,System.String,System.Collections.Generic.IList{System.String},System.Collections.Generic.IList{System.String},System.String,System.String,System.String,System.Net.Mail.Attachment[])">
            <summary>
            Send e-mail to multiple recipients and carbon copy recipients in one e-mail asynchronously.
            </summary>
            <param name="client">Smtp client.</param>
            <param name="fromMailAddress">From mail address.</param>
            <param name="addresses">Recipients.</param>
            <param name="ccAddresses">Carbon copy recipients.</param>
            <param name="subject">e-mail subject.</param>
            <param name="body">e-mail body.</param>
            <param name="bodyForAntiSpam">Part of an e-mail body just for anti-spam checking.</param>
            <param name="attachments">The attachments to an e-mail.</param>
            <returns>
            Process status, <see langword="true" /> if all messages are processed to sent successfully
            </returns>
        </member>
        <member name="M:Simplify.Mail.MailSender.Send(System.String,System.Collections.Generic.IList{System.String},System.Collections.Generic.IList{System.String},System.String,System.String,System.String,System.Net.Mail.Attachment[])">
            <summary>
            Send e-mail to multiple recipients and carbon copy recipients in one e-mail.
            </summary>
            <param name="fromMailAddress">From mail address.</param>
            <param name="addresses">Recipients.</param>
            <param name="ccAddresses">Carbon copy recipients.</param>
            <param name="subject">e-mail subject.</param>
            <param name="body">e-mail body.</param>
            <param name="bodyForAntiSpam">Part of an e-mail body just for anti-spam checking.</param>
            <param name="attachments">The attachments to an e-mail.</param>
        </member>
        <member name="M:Simplify.Mail.MailSender.SendAsync(System.String,System.Collections.Generic.IList{System.String},System.Collections.Generic.IList{System.String},System.String,System.String,System.String,System.Net.Mail.Attachment[])">
            <summary>
            Send e-mail to multiple recipients and carbon copy recipients in one e-mail asynchronously.
            </summary>
            <param name="fromMailAddress">From mail address.</param>
            <param name="addresses">Recipients.</param>
            <param name="ccAddresses">Carbon copy recipients.</param>
            <param name="subject">e-mail subject.</param>
            <param name="body">e-mail body.</param>
            <param name="bodyForAntiSpam">Part of an e-mail body just for anti-spam checking.</param>
            <param name="attachments">The attachments to an e-mail.</param>
            <returns>
            Process status, <see langword="true" /> if all messages are processed to sent successfully
            </returns>
        </member>
        <member name="M:Simplify.Mail.MailSender.SendSeparately(System.Net.Mail.SmtpClient,System.String,System.Collections.Generic.IList{System.String},System.String,System.String,System.String,System.Net.Mail.Attachment[])">
            <summary>
            Send e-mail to multiple recipients separately
            </summary>
            <param name="client">Smtp client.</param>
            <param name="fromMailAddress">From mail address.</param>
            <param name="addresses">Recipients.</param>
            <param name="subject">e-mail subject.</param>
            <param name="body">e-mail body.</param>
            <param name="bodyForAntiSpam">Part of an e-mail body just for anti-spam checking.</param>
            <param name="attachments">The attachments to an e-mail.</param>
        </member>
        <member name="M:Simplify.Mail.MailSender.SendSeparatelyAsync(System.Net.Mail.SmtpClient,System.String,System.Collections.Generic.IList{System.String},System.String,System.String,System.String,System.Net.Mail.Attachment[])">
            <summary>
            Send e-mail to multiple recipients separately
            </summary>
            <param name="client">Smtp client.</param>
            <param name="fromMailAddress">From mail address.</param>
            <param name="addresses">Recipients.</param>
            <param name="subject">e-mail subject.</param>
            <param name="body">e-mail body.</param>
            <param name="bodyForAntiSpam">Part of an e-mail body just for anti-spam checking.</param>
            <param name="attachments">The attachments to an e-mail.</param>
        </member>
        <member name="M:Simplify.Mail.MailSender.SendSeparately(System.String,System.Collections.Generic.IList{System.String},System.String,System.String,System.String,System.Net.Mail.Attachment[])">
            <summary>
            Send e-mail to multiple recipients separately
            </summary>
            <param name="fromMailAddress">From mail address.</param>
            <param name="addresses">Recipients.</param>
            <param name="subject">e-mail subject.</param>
            <param name="body">e-mail body.</param>
            <param name="bodyForAntiSpam">Part of an e-mail body just for anti-spam checking.</param>
            <param name="attachments">The attachments to an e-mail.</param>
        </member>
        <member name="M:Simplify.Mail.MailSender.SendSeparatelyAsync(System.String,System.Collections.Generic.IList{System.String},System.String,System.String,System.String,System.Net.Mail.Attachment[])">
            <summary>
            Send e-mail to multiple recipients separately
            </summary>
            <param name="fromMailAddress">From mail address.</param>
            <param name="addresses">Recipients.</param>
            <param name="subject">e-mail subject.</param>
            <param name="body">e-mail body.</param>
            <param name="bodyForAntiSpam">Part of an e-mail body just for anti-spam checking.</param>
            <param name="attachments">The attachments to an e-mail.</param>
            <returns>
            Process status, <see langword="true" /> if all messages are processed to sent successfully
            </returns>
        </member>
        <member name="M:Simplify.Mail.MailSender.Dispose">
            <summary>
            Performs application-defined tasks associated with freeing, releasing, or resetting unmanaged resources.
            </summary>
        </member>
        <member name="T:Simplify.Mail.MailSenderException">
            <summary>
            The exception class using for MailSender exceptions
            </summary>
        </member>
        <member name="M:Simplify.Mail.MailSenderException.#ctor(System.String)">
            <summary>
            Initializes a new instance of the <see cref="T:Simplify.Mail.MailSenderException"/> class.
            </summary>
            <param name="message">The message that describes the error.</param>
        </member>
        <member name="T:Simplify.Mail.Settings.IMailSenderSettings">
            <summary>
            Represent MailSender settings
            </summary>
        </member>
        <member name="P:Simplify.Mail.Settings.IMailSenderSettings.SmtpServerAddress">
            <summary>
            The SMTP server address
            </summary>
        </member>
        <member name="P:Simplify.Mail.Settings.IMailSenderSettings.SmtpServerPortNumber">
            <summary>
            The SMTP server port number
            </summary>
        </member>
        <member name="P:Simplify.Mail.Settings.IMailSenderSettings.SmtpUserName">
            <summary>
            The mail sender SMTP user name
            </summary>
        </member>
        <member name="P:Simplify.Mail.Settings.IMailSenderSettings.SmtpUserPassword">
            <summary>
            The mail sender SMTP user password
            </summary>
        </member>
        <member name="P:Simplify.Mail.Settings.IMailSenderSettings.AntiSpamPoolMessageLifeTime">
            <summary>
            Anti-spam pool message life time (min.)
            </summary>
        </member>
        <member name="P:Simplify.Mail.Settings.IMailSenderSettings.AntiSpamMessagesPoolOn">
            <summary>
            Anti-spam messages pool on
            </summary>
        </member>
        <member name="P:Simplify.Mail.Settings.IMailSenderSettings.EnableSsl">
            <summary>
            Gets a value indicating whether SSL is enabled for connection.
            </summary>
            <value>
            <c>true</c> if SSL is enabled for connection; otherwise, <c>false</c>.
            </value>
        </member>
        <member name="T:Simplify.Mail.Settings.Impl.ConfigurationBasedMailSenderSettings">
            <summary>
            Represents MailSender settings based on IConfiguration
            </summary>
        </member>
        <member name="M:Simplify.Mail.Settings.Impl.ConfigurationBasedMailSenderSettings.#ctor(Microsoft.Extensions.Configuration.IConfiguration,System.String)">
            <summary>
            Initializes a new instance of the <see cref="T:Simplify.Mail.Settings.Impl.ConfigurationManagedBasedMailSenderSettings" /> class.
            </summary>
            <param name="configuration">The configuration.</param>
            <param name="configSectionName">Name of the configuration section.</param>
            <exception cref="T:Simplify.Mail.MailSenderException">No MailSenderSettings in config.
            or
            MailSenderSettings SmtpServerAddress is empty or missing from config.
            or
            MailSenderSettings SmtpUserName is empty or missing from config.
            or
            MailSenderSettings SmtpUserPassword is empty or missing from config.</exception>
        </member>
        <member name="T:Simplify.Mail.Settings.Impl.ConfigurationManagedBasedMailSenderSettings">
            <summary>
            Represents MailSender settings based on ConfigurationManager
            </summary>
        </member>
        <member name="M:Simplify.Mail.Settings.Impl.ConfigurationManagedBasedMailSenderSettings.#ctor(System.String)">
            <summary>
            Initializes a new instance of the <see cref="T:Simplify.Mail.Settings.Impl.ConfigurationManagedBasedMailSenderSettings"/> class.
            </summary>
            <param name="configSectionName">Name of the configuration section in the configuration file.</param>
            <exception cref="T:Simplify.Mail.MailSenderException">
            No MailSenderSettings section in config file.
            or
            MailSenderSettings SmtpServerAddress is empty or missing from config file.
            or
            MailSenderSettings SmtpUserName is empty or missing from config file.
            or
            MailSenderSettings SmtpUserPassword is empty or missing from config file.
            </exception>
        </member>
        <member name="M:Simplify.Mail.Settings.Impl.ConfigurationManagedBasedMailSenderSettings.#ctor(System.String,System.Int32,System.String,System.String,System.Boolean,System.Boolean,System.Int32)">
            <summary>
            Initializes a new instance of the <see cref="T:Simplify.Mail.Settings.Impl.ConfigurationManagedBasedMailSenderSettings"/> class.
            </summary>
            <param name="smtpServerAddress">The SMTP server address.</param>
            <param name="smtpServerPortNumber">The SMTP server port number.</param>
            <param name="smtpUserName">Name of the SMTP user.</param>
            <param name="smtpUserPassword">The SMTP user password.</param>
            <param name="enableSsl">Enables SSL connection.</param>
            <param name="antiSpamMessagesPoolOn">Enables anti-spam messages pool.</param>
            <param name="antiSpamPoolMessageLifeTime">The anti-spam pool message life time.</param>
        </member>
        <member name="T:Simplify.Mail.Settings.MailSenderSettings">
            <summary>
            Represents MailSender settings group
            </summary>
        </member>
        <member name="M:Simplify.Mail.Settings.MailSenderSettings.#ctor(System.String,System.Int32,System.String,System.String,System.Boolean,System.Boolean,System.Int32)">
            <summary>
            Initializes a new instance of the <see cref="T:Simplify.Mail.Settings.MailSenderSettings"/> class.
            </summary>
            <param name="smtpServerAddress">The SMTP server address.</param>
            <param name="smtpServerPortNumber">The SMTP server port number.</param>
            <param name="smtpUserName">Name of the SMTP user.</param>
            <param name="smtpUserPassword">The SMTP user password.</param>
            <param name="enableSsl">Enables SSL connection.</param>
            <param name="antiSpamMessagesPoolOn">Enables anti-spam messages pool.</param>
            <param name="antiSpamPoolMessageLifeTime">The anti-spam pool message life time.</param>
        </member>
        <member name="M:Simplify.Mail.Settings.MailSenderSettings.#ctor">
            <summary>
            Initializes a new instance of the <see cref="T:Simplify.Mail.Settings.MailSenderSettings"/> class.
            </summary>
        </member>
        <member name="P:Simplify.Mail.Settings.MailSenderSettings.SmtpServerAddress">
            <summary>
            The SMTP server address
            </summary>
        </member>
        <member name="P:Simplify.Mail.Settings.MailSenderSettings.SmtpServerPortNumber">
            <summary>
            The SMTP server port number
            </summary>
        </member>
        <member name="P:Simplify.Mail.Settings.MailSenderSettings.SmtpUserName">
            <summary>
            The mail sender SMTP user name
            </summary>
        </member>
        <member name="P:Simplify.Mail.Settings.MailSenderSettings.SmtpUserPassword">
            <summary>
            The mail sender SMTP user password
            </summary>
        </member>
        <member name="P:Simplify.Mail.Settings.MailSenderSettings.AntiSpamPoolMessageLifeTime">
            <summary>
            Anti-spam pool message life time (min.)
            </summary>
        </member>
        <member name="P:Simplify.Mail.Settings.MailSenderSettings.AntiSpamMessagesPoolOn">
            <summary>
            Anti-spam messages pool on
            </summary>
        </member>
        <member name="P:Simplify.Mail.Settings.MailSenderSettings.EnableSsl">
            <summary>
            Gets a value indicating whether SSL is enabled for connection.
            </summary>
            <value>
            <c>true</c> if SSL is enabled for connection; otherwise, <c>false</c>.
            </value>
        </member>
    </members>
</doc>
